round,agent1_strategy,agent2_strategy,agent1_sim_decision,agent2_sim_decision,agent1_prediction,agent2_prediction,agent1_move,agent2_move,agent1_payoff,agent2_payoff,agent1_reasoning,agent2_reasoning,agent1_sim_move,agent2_sim_move,agent1_sim_correct,agent2_sim_correct,agent1_sim_reasoning,agent2_sim_reasoning
1,defensive,defensive,SIMULATE,SIMULATE,,,COOPERATE,COOPERATE,3,3,"My priority is minimizing potential losses.  While defecting could yield a higher payoff in a single round (5 points), it risks triggering a cycle of defection with the other player, resulting in a continuous payoff of only 1 point per round.  Cooperating ensures a minimum payoff of 3 points in each round.  This strategy prioritizes stability and avoids the significant risk of prolonged low payoffs associated with mutual defection.","My priority is minimizing potential losses.  While defecting offers the potential for a higher payoff (5 points), it also risks a significantly lower payoff (0 points) if the other player cooperates.  Cooperating guarantees at least 1 point if the other player defects, and 3 points if they cooperate.  The risk-averse strategy is to cooperate, ensuring a minimum payoff and avoiding the potential for a complete loss.  This strategy is particularly relevant in an iterated game where building trust and avoiding exploitation are crucial over the long term.",,,,,,
2,defensive,defensive,"PLAY","PLAY",,,COOPERATE,COOPERATE,3,3,"The first round resulted in mutual cooperation, yielding a positive outcome for both players (3 points each).  My priority is minimizing potential losses. Defecting at this stage risks a significant loss (0 points) if the opponent continues to cooperate.  Continuing cooperation maintains the positive outcome and avoids the risk of a large loss.  There is no evidence to suggest the opponent is likely to defect, so continuing cooperation is the safer strategy for minimizing potential loss.","The first round resulted in mutual cooperation, which yielded the second-best outcome (3 points).  Given my priority of minimizing potential losses, defecting at this stage carries a significant risk.  Defecting would only improve my score if the opponent continues to cooperate, but if the opponent defects in response, I would receive 0 points, a much worse outcome than the 3 points from continued cooperation. Therefore, maintaining cooperation minimizes the risk of a large loss.",,,,,,
3,defensive,defensive,"PLAY","PLAY",,,COOPERATE,COOPERATE,3,3,"The opponent has cooperated in both previous rounds.  My priority is minimizing potential losses.  Defecting risks a 0 payoff if the opponent continues to cooperate, while cooperating guarantees a 3 point payoff.  Given the history of cooperation, cooperating again seems the safest and best option to minimize potential losses in this round.","The opponent has cooperated in both previous rounds.  My priority is minimizing losses.  Defecting risks a significantly larger loss (0 points) than cooperating (3 points). Continuing cooperation maintains a stable, if not optimal, payoff and avoids the risk of a potential 0 point round.",,,,,,
4,defensive,defensive,"PLAY","PLAY",,,COOPERATE,COOPERATE,3,3,"The opponent has cooperated in all previous rounds.  My priority is minimizing potential losses. Defecting risks a 0 payoff if the opponent continues to cooperate, while cooperating guarantees a 3 point payoff.  Given the consistent cooperation from the opponent, continuing to cooperate is the safest strategy to minimize potential losses.","The opponent has cooperated in all previous rounds.  My priority is minimizing losses.  Defecting risks a 0 payoff if the opponent continues to cooperate, while cooperating guarantees a 3 point payoff.  Continuing cooperation maintains the established pattern of mutual benefit and avoids the risk of a significantly worse outcome.",,,,,,
5,defensive,defensive,"PLAY","PLAY",,,COOPERATE,COOPERATE,3,3,"The opponent has consistently cooperated in the previous rounds.  My priority is minimizing losses. Defecting risks a significant loss (0 points) if the opponent continues to cooperate.  Continuing to cooperate maintains a steady, if not maximal, gain of 3 points.  There is no evidence yet to suggest that defecting is a better strategy to minimize potential losses.","The opponent has consistently cooperated for the first four rounds.  My priority is minimizing losses. Defecting risks a 0 point payoff, while continuing to cooperate maintains a steady 3 point payoff.  There is no evidence to suggest that defecting would be a better strategy at this point.",,,,,,
1,defensive,defensive,SIMULATE,SIMULATE,COOPERATE,COOPERATE,COOPERATE,COOPERATE,2,2,"This is the first round, and there is no game history.  My priority is minimizing potential losses.  Defecting risks getting 0 points if the opponent cooperates. Cooperating guarantees at least 3 points. Since the opponent cooperated, it suggests a potential for mutual cooperation and a stable, if not optimal, outcome. Continuing to cooperate maintains this stability and avoids the risk of a zero payoff.  Therefore, cooperating is the safer strategy in this uncertain first round.","This is the first round, and there is no game history.  Given my opponent cooperated, and my priority is minimizing potential losses, cooperating is the safest option. Defecting risks getting 0 points if the opponent continues to cooperate.  Cooperating guarantees at least 3 points.  While defecting could yield 5 points, the risk of getting 0 outweighs the potential gain, especially in the absence of any information suggesting a pattern of behavior from the opponent.",COOPERATE,COOPERATE,1.0,1.0,,
2,defensive,defensive,PLAY,PLAY,,,COOPERATE,COOPERATE,3,3,"The first round resulted in mutual cooperation, yielding a positive outcome (3 points) for both players.  Given my priority of minimizing potential losses, defecting at this stage carries a significant risk.  Defecting would only yield a higher payoff (5 points) if the opponent continues to cooperate, but if the opponent defects in response, both players receive only 1 point â€“ a substantial loss compared to the current 3 points.  Therefore, continuing cooperation minimizes the risk of a negative outcome in this early stage of the game.","The first round resulted in mutual cooperation, yielding a positive outcome (3 points) for both players.  Given my priority of minimizing losses, defecting at this stage carries a significant risk.  If the opponent defects in response, I would receive 0 points, a substantial loss compared to the 3 points earned through continued cooperation.  There is no compelling reason to deviate from the successful strategy established in the first round.  While defecting could yield a higher payoff in some scenarios, the potential for a much lower payoff (0 points) outweighs the potential gains, aligning with my risk-averse strategy.",,,,,,
3,defensive,defensive,PLAY,PLAY,,,COOPERATE,COOPERATE,3,3,"The opponent has cooperated in both previous rounds.  My priority is minimizing losses.  Defecting risks a 0 payoff if the opponent continues to cooperate, while cooperating guarantees a 3 point payoff.  Continuing cooperation seems the safest strategy given the current history.","The opponent has cooperated in both previous rounds.  My priority is minimizing losses.  Defecting risks a 0 payoff if the opponent continues to cooperate, while cooperating guarantees a 3 point payoff.  Continuing cooperation seems the safer, less risky strategy given the current history.",,,,,,
4,defensive,defensive,PLAY,PLAY,,,COOPERATE,COOPERATE,3,3,The opponent has cooperated in all previous rounds.  My priority is minimizing losses.  Defecting risks a significant loss (0 points) if the opponent continues to cooperate.  Continuing to cooperate maintains a steady gain of 3 points and avoids any risk of receiving 0 points.  There is no evidence to suggest that defecting would be a better strategy at this point.,"The opponent has cooperated in all previous rounds.  My priority is minimizing potential losses.  Defecting risks a 0 payoff if the opponent continues to cooperate, while cooperating guarantees a 3 point payoff.  Continuing cooperation is the less risky strategy given the established pattern of mutual cooperation.",,,,,,
5,defensive,defensive,PLAY,PLAY,,,COOPERATE,COOPERATE,3,3,"The opponent has consistently cooperated in the previous four rounds.  My strategy prioritizes minimizing losses.  Defecting would risk a large loss (0 points) if the opponent continues to cooperate, whereas cooperating guarantees a smaller gain (3 points).  The risk of the opponent switching to defection is not yet sufficient to outweigh the guaranteed gain of continuing cooperation.","The opponent has consistently cooperated for the last four rounds.  My priority is minimizing losses.  Defecting risks a 0 payoff if the opponent continues to cooperate, while cooperating guarantees a 3 point payoff.  Continuing cooperation maintains the mutually beneficial outcome and avoids the risk of a significant loss.  There is no evidence to suggest a change in strategy is necessary.",,,,,,
